Emma,17,Male
Sophia,33,Female
Noah,21,Female
Noah,35,Male
Alice,18,Female
Diana,34,Female
Diana,34,Male
Noah,18,Male
Sophia,26,Female
Mike,35,Female
Sophia,27,Male
Eve,32,Male
Mike,28,Female
Mike,15,Male
Noah,19,Female
Alice,40,Female
Alice,28,Male
Noah,20,Female
Mike,28,Female
Mike,31,Male
John,24,Female
Bob,17,Male
Emma,31,Male
John,20,Female
Emma,28,Male
Emma,17,Male
Liam,24,Female
Bob,24,Male
Alice,16,Female
Diana,30,Male
Emma,20,Female
Diana,22,Male
Emma,38,Female
Alice,21,Male
Diana,37,Female
Diana,37,Male
Mike,31,Female
Emma,27,Male
Eve,28,Female
Eve,29,Male
Mike,20,Female
Eve,25,Female
Alice,25,Male
Emma,31,Male
Alice,28,Male
Eve,33,Male
Emma,22,Male
Emma,17,Female
Noah,25,Female
Liam,17,Male
Sophia,22,Male
John,40,Female
Liam,20,Male
Alice,40,Female
Emma,27,Female
John,17,Female
Sophia,28,Female
Liam,21,Female
Diana,35,Male
Sophia,19,Male
Liam,29,Female
John,26,Male
Mike,17,Female
Bob,16,Female
Liam,31,Female
Alice,30,Female
Sophia,34,Female
Eve,26,Female
Mike,20,Female
Bob,27,Female
Alice,37,Male
Noah,39,Male
Liam,30,Male
John,21,Male
Eve,32,Male
Mike,30,Male
John,18,Male
John,32,Female
Diana,34,Male
Eve,34,Female
Diana,27,Female
Sophia,29,Male
Sophia,33,Female
Emma,29,Female
Bob,29,Female
John,38,Female
Bob,34,Female
Eve,40,Male
John,24,Male
Mike,22,Female
Alice,24,Female
Eve,18,Female
Mike,31,Female
Emma,38,Male
Noah,25,Female
Sophia,31,Female
Noah,22,Female
Alice,20,Male
Mike,40,Female
Eve,20,Female
Noah,37,Female
Noah,20,Male
Eve,37,Male
Mike,19,Male
Diana,40,Male
John,23,Male
Emma,39,Female
Noah,15,Female
Emma,33,Female
Sophia,29,Male
Mike,39,Female
John,38,Male
Liam,22,Female
Emma,20,Male
Eve,28,Female
Liam,22,Male
Mike,28,Male
Diana,33,Male
Sophia,35,Male
Mike,27,Male
Diana,34,Female
Diana,35,Male
Noah,28,Male
Bob,40,Male
Emma,20,Female
Alice,20,Female
Eve,25,Male
Noah,31,Male
Eve,39,Male
Eve,36,Male
Mike,35,Female
Liam,28,Female
Alice,19,Male
Alice,37,Male
Noah,30,Male
Bob,29,Male
John,34,Male
Mike,39,Male
Diana,27,Female
Noah,31,Female
Emma,29,Female
Eve,35,Female
John,18,Female
Mike,38,Female
Sophia,28,Female
Sophia,20,Male
Sophia,39,Male
Bob,34,Female
Sophia,38,Male
Sophia,37,Male
Sophia,15,Male
Diana,17,Male
Noah,32,Female
Eve,21,Male
Liam,20,Female
Mike,39,Female
Sophia,33,Female
Emma,27,Male
Alice,35,Male
Emma,19,Female
Eve,31,Male
Mike,40,Female
Liam,33,Female
John,20,Male
Sophia,39,Female
Liam,25,Female
Emma,31,Female
Sophia,28,Female
Liam,32,Female
Noah,40,Female
Sophia,20,Female
Liam,30,Male
John,15,Female
Noah,22,Male
Mike,34,Male
Sophia,15,Male
John,16,Male
Liam,17,Female
Mike,25,Female
Alice,21,Female
Liam,35,Female
Liam,27,Female
Sophia,22,Male
Diana,30,Female
Diana,30,Female
Mike,36,Male
Liam,26,Female
Emma,35,Male
Diana,39,Male
Noah,37,Female
Alice,29,Female
Emma,38,Female
Liam,38,Male
John,30,Female
Sophia,17,Male
Noah,40,Female
Noah,33,Female
John,18,Male
Liam,21,Male
Bob,31,Female
